{
  "title": "Booking resource",
  "description": "Booking resource object",
  "type": "object",
  "properties": {
    "id": {
      "description": "Booking id",
      "type": "integer"
    },
    "first_name": {
      "description": "First name",
      "type": "string",
      "minLength": 1,
      "maxLength": 255
    },
    "last_name": {
      "description": "Last name",
      "type": "string",
      "minLength": 1,
      "maxLength": 255
    },
	"date_of_birth" :{
	  "description": "Date of birth",
      "type": "string",
      "format": "date-time"
	},
	"checkin" :{
	  "description": "Checkin time",
      "type": "string",
      "format": "date-time"
	},
	"checkout" :{
	  "description": "Checkout time",
      "type": "string",
      "format": "date-time"
	},
	"totalprice" :{
	  "description": "Total price",
      "type": "number"
	},
	"deposit" :{
	  "description": "Deposit Amount",
      "type": "number"
	},
	"address" :{
	   "type": "object",
	   "properties": {
	   		"id": {"description": "Address id","type": "integer"},
	        "line1": {"type": "string","minLength": 2,"maxLength": 255},
	        "line2": {"type": "string"},
	        "city": {"type": "string","minLength": 2,"maxLength": 255},
	        "state": {"type": "string","minLength": 2,"maxLength": 255},
	        "country": {"type": "string","minLength": 2,"maxLength": 255},
	        "zip_code": {"type": "string","minLength": 2,"maxLength": 20}
    }
}
	
  },
  "required": [
    "first_name",
    "last_name"
  ]
}